Product Name,Price,Rating
Ball Sack Deodorant,Rs.899.00,"5.0 / 5.0


(9)
9"
Dune - Perfumed Body Spray,Rs.799.00,"4.59 / 5.0


(63)
63"
De-Tan Face Wash,Rs.799.00,"4.6 / 5.0


(204)
204"
Flare - Perfumed Body Spray,Rs.799.00,"4.53 / 5.0


(38)
38"
Flare Body Spray + Charcoal Face Wash + Hair Clay Wax,"Rs.2,249.00

Rs.2,397.00","4.62 / 5.0


(8)
8"
De-Tan Body Wash,Rs.699.00,"4.54 / 5.0


(80)
80"
De-tan Sunscreen,Rs.999.00,"4.68 / 5.0


(94)
94"
De-Tan Bundle,"Rs.2,349.00

Rs.2,497.00","4.46 / 5.0


(254)
254"
Flare Body Spray + Charcoal Face Wash + Hair Wax,"Rs.1,849.00

Rs.1,997.00","5.0 / 5.0


(4)
4"
Beard Growth Kit,"Rs.3,500.00

Rs.3,897.00","4.55 / 5.0


(491)
491"
Charcoal Face Wash,Rs.599.00,"4.72 / 5.0


(366)
366"
Charcoal Face Mask,Rs.799.00,"4.66 / 5.0


(85)
85"
Anti-Hairfall Bundle | Complete Hair Loss Solution,"Rs.1,849.00

Rs.1,998.00","4.76 / 5.0


(103)
103"
Charcoal Face Wash + Anti-Dandruff Shampoo,"Rs.949.00

Rs.1,098.00","4.63 / 5.0


(60)
60"
Hair Clay Wax,Rs.999.00,"4.6 / 5.0


(240)
240"
Hair Clay Wax + Charcoal Face Wash Bundle,"Rs.1,498.00

Rs.1,598.00","4.78 / 5.0


(51)
51"
Beard Growth Oil,"Rs.1,499.00","4.55 / 5.0


(532)
532"
Hair Clay Wax + De-tan Face Wash Bundle,"Rs.1,698.00

Rs.1,798.00","4.75 / 5.0


(55)
55"
Cedar Wood Beard Oil,Rs.799.00,"4.56 / 5.0


(220)
220"
Urban Beard Oil,"Rs.1,199.00","4.67 / 5.0


(308)
308"
Moustache Wax,Rs.799.00,"4.52 / 5.0


(87)
87"
Gold Starter Beard Grooming Kit,"Rs.3,236.00

Rs.3,396.00","4.71 / 5.0


(288)
288"
Beard Scissor,Rs.999.00,"4.85 / 5.0


(20)
20"
Beard Comb,Rs.499.00,"4.84 / 5.0


(49)
49"
Beard Balm,Rs.899.00,"4.54 / 5.0


(153)
153"
Lip Lightener Balm,Rs.899.00,"4.56 / 5.0


(245)
245"
White Starter Beard Grooming Kit,"Rs.2,836.00

Rs.2,996.00","4.8 / 5.0


(97)
97"
Oud Wood Beard Oil,Rs.999.00,"4.68 / 5.0


(171)
171"
Gold Complete Beard Grooming Kit,"Rs.4,914.00

Rs.5,094.00","4.67 / 5.0


(100)
100"
Beard Growth Vitamin Spray,"Rs.1,299.00","4.36 / 5.0


(104)
104"
Beard Growth Shampoo,"Rs.1,099.00","4.79 / 5.0


(52)
52"
Lip Balm,Rs.299.00,"4.62 / 5.0


(117)
117"
Under Eye Balm,Rs.899.00,"4.59 / 5.0


(80)
80"
Beard Shampoo,Rs.799.00,"4.66 / 5.0


(200)
200"
Pocket Comb,Rs.699.00,"4.64 / 5.0


(14)
14"
Charcoal Face Scrub,Rs.799.00,"4.63 / 5.0


(91)
91"
Charcoal Detox Soap Bar,Rs.399.00,"4.75 / 5.0


(60)
60"
Charcoal Body Wash,Rs.599.00,"4.68 / 5.0


(57)
57"
Charcoal Toothpowder,Rs.799.00,"4.66 / 5.0


(38)
38"
Beard Conditioner,Rs.799.00,"4.54 / 5.0


(24)
24"
Charcoal Powder + Bamboo Toothbrush,"Rs.1,049.00

Rs.1,149.00","4.61 / 5.0


(36)
36"
Charcoal Facewash + Charcoal Face Mask + Charcoal Scrub,"Rs.2,049.00

Rs.2,197.00","4.72 / 5.0


(244)
244"
Bundle: Charcoal Monthly Bundle + Lip Balm,"Rs.3,265.00

Rs.3,445.00","4.82 / 5.0


(167)
167"
Bundle: Lip Lightener Balm + Under Eye Balm,"Rs.1,649.00

Rs.1,798.00","4.74 / 5.0


(54)
54"
Bundle: Lip Balm + Under Eye Balm,"Rs.1,091.00

Rs.1,198.00","4.61 / 5.0


(75)
75"
Bamboo Toothbrush,Rs.350.00,"4.83 / 5.0


(6)
6"
Beard Brush,Rs.899.00,"4.74 / 5.0


(106)
106"
Charcoal Facewash + Charcoal Scrub,"Rs.1,298.00

Rs.1,398.00","4.68 / 5.0


(88)
88"
Charcoal Facewash + Charcoal Body Wash,"Rs.1,098.00

Rs.1,198.00","4.71 / 5.0


(90)
90"
Charcoal Face Wash + Anti-Hair fall Shampoo,"Rs.949.00

Rs.1,098.00","4.69 / 5.0


(49)
49"
Charcoal Face Wash + Beard Growth Oil + Lip Lightener Balm,"Rs.2,649.00

Rs.2,797.00","4.83 / 5.0


(6)
6"
Gift Wrapping,Rs.199.00,"4.72 / 5.0


(79)
79"
The Ultimate Bundle,"Rs.4,614.00

Rs.4,794.00","4.74 / 5.0


(89)
89"
De-Tan + Charcoal Face Wash Bundle,"Rs.1,249.00

Rs.1,398.00","4.73 / 5.0


(237)
237"
Anti-Hairfall Oil,"Rs.1,499.00","4.62 / 5.0


(13)
13"
Anti-Hairfall Shampoo,Rs.499.00,"4.55 / 5.0


(66)
66"
Hairdressing Barber kit,"Rs.2,499.00","4.61 / 5.0


(18)
18"
2-in-1 Shampoo + Conditioner,Rs.499.00,"4.68 / 5.0


(37)
37"
Keratin Shampoo,Rs.499.00,"4.5 / 5.0


(78)
78"
Anti-Dandruff Shampoo,Rs.499.00,"4.63 / 5.0


(84)
84"
Hair Thickening Shampoo,Rs.499.00,"4.53 / 5.0


(60)
60"
Hair Clay Wax + Anti-Dandruff Shampoo Bundle,"Rs.1,398.00

Rs.1,498.00","4.64 / 5.0


(33)
33"
Hair Wax,Rs.999.00,"4.55 / 5.0


(113)
113"
Hair Clay Wax + Hair Wax,"Rs.1,849.00

Rs.1,998.00","4.63 / 5.0


(62)
62"
Gift Box,Rs.650.00,"4.58 / 5.0


(12)
12"
Acne Face Wash,Rs.799.00,"4.71 / 5.0


(87)
87"
Acne Body Wash,Rs.699.00,"4.68 / 5.0


(25)
25"
Acne Spot Gel,Rs.999.00,"4.38 / 5.0


(39)
39"
Acne Bundle,"Rs.2,349.00

Rs.2,497.00","4.54 / 5.0


(37)
37"
Dune & Flare Perfumed Body Spray Bundle,"Rs.1,449.00

Rs.1,598.00","4.59 / 5.0


(111)
111"
